Pattern,MC3 Evidence,Why It Matters,NightShift Question,Source
Starter breadth,"MC3 offers 6 starter choices in the original and 7 in REMIX, against $22,000 starting cash.",Early choice is about identity before optimization.,How many NightShift starter archetypes can feel meaningfully different without creating tutorial bloat?,S1
Race-count tier gates,"Classes C, B and A unlock after 11 street races in San Diego, Atlanta and Detroit respectively.",The player cannot simply grind cash and skip the intended pacing.,Could NightShift gate new performance bands by demonstrated racing activity rather than money or XP alone?,S1
Prize-car cadence,"Tournaments, rivals, clubs and championships all award vehicles.","Cars function as progression currency, not merely shop inventory.",Which NightShift rivals or race families deserve a signature car reward instead of cash?,S2
Category mastery,"Each club culminates in a vehicle associated with that culture: Skyline, Corvette, CL55, G55, Skully, Ninja, ME Four-Twelve.",Mechanical progression reinforces the social fiction of each club.,Could each NightShift crew teach a driving identity and hand over a car that embodies it?,S2
Top tier before finale,"Class A becomes purchasable during Detroit, before the U.S. Championship.",Players get time to enjoy endgame machinery while there is still meaningful content left.,Avoid the RPG sword problem: do not award the coolest car after there is nothing left to race.,S1
Prestige is not class purity,The Cadillac Sixteen is a late 100% reward but remains Class B.,Reward status and raw tier are allowed to diverge.,"NightShift reward value can come from rarity, style or story, not just higher performance numbers.",S6
Turnkey rewards,Several high-end/prize vehicles show identical stock and max stats in the structured data.,Some rewards arrive effectively 'finished' rather than demanding another upgrade tax.,"Consider making signature reward cars immediately satisfying, with customization focused on expression rather than mandatory performance spend.",S1
REMIX reuse,Tokyo adds a second campaign largely by remixing class/category tournament structures.,A small set of systemic race templates can support a lot of progression surface area.,Procedural NightShift races could reuse a strong progression grammar without feeling like copied event lists.,S2
Data caution,"MC3's stat bars are game-native ratings, not physical units, and a few fan sources disagree by tenths.",Cross-game comparison should normalize within each title instead of treating raw bars as universal.,"When MC2 and MCLA are added, compare percentiles / tier placement rather than raw stat numbers.",S6
