Issue,Source claim,Other evidence,Treatment,Sources
Starter set,FAQ offers Datsun and excludes 240SX.,"Official guide + starter list: Golf, Scirocco, 240SX.",Use official set; Datsun is a rival prize.,LA01; LA02; LA10
Golf year,FAQ says 1993.,Starter list and atwiki say 1983.,Store 1983.,LA02; LA03; LA10
Skyline group,atwiki says 2.,FAQ and dedicated entry say 3.,"Store 3; purchase gate 8,060 REP.",LA02; LA03; https://midnightclub.fandom.com/wiki/Nissan_Skyline_GT-R_V-Spec_(R34)
SC vehicle subtotal,Roster overview prose says 15.,SC Premium 9 + Pack 1 3 + Pack 2 4 = 16.,Count normalized rows; 46 + 16 + 5 = 67.,LA02; LA06; LA07
DUB tuning spend,FAQ repeats generic full-tune amount.,DUB prizes arrive with level-1 upgrades.,Retain quote; do not calculate remaining spend.,LA02; LA05; LA19
1098R tuning,"FAQ full tune: $34,250.",Dedicated entry says Group 3 upgrade pricing.,"Unresolved; retain quote with D confidence, no planning sum.",LA02; LA17
DUB classes / R8,Class or as-delivered state not consistently documented.,Stock base model and pre-upgraded variant can differ.,Leave unverified class cells blank; do not infer from group.,LA03; LA05
R8 gate,Older FAQ: any group. v1.3: Group 4.,Normal Driving Test unlocking was retired.,Store Group 4 with legacy restriction; gate alone does not unlock it.,LA02; LA04; LA08; LA09
Vehicle champions,Older FAQ uses 50% completion and about 35 wins.,Community entries count 35 type wins after Group 4.,No exact dependency encoded; verify in-game before modeling.,LA04; https://midnightclub.fandom.com/wiki/Tuner
