Item,Unlocking id,Subtype,Cash value,Config file
vp_is300_04,vp_is300_04,vehicle,29980,vp_is300_04
vp_belair_57,vp_belair_57,vehicle,37000,vp_belair_57
vp_chrysler300c_05,vp_chrysler300c_05,vehicle,60145,vp_chrysler300c_05_dub
vp_sl55_amg_04,vp_sl55_amg_04,vehicle,154725,vp_sl55_amg_04_dub
vp_fleetline_49,vp_fleetline_49,vehicle,42500,vp_fleetline_49
vp_ext_03,vp_ext_03,vehicle,81740,vp_ext_03_dub
vp_ducati_ss1000_04,vp_ducati_ss1000_04,vehicle,10995,vp_ducati_ss1000_04
vp_cuevito_99,vp_cuevito_99,vehicle,65000,vp_cuevito_99
vp_murcielago_04,vp_murcielago_04,vehicle,297700,vp_murcielago_04
vp_skyline_02,vp_skyline_02,vehicle,41500,vp_skyline_02
vp_g55_amg_03,vp_g55_amg_03,vehicle,114000,vp_g55_amg_03
vp_cien_02,vp_cien_02,vehicle,135000,vp_cien_02
vp_me412_04,vp_me412_04,vehicle,240000,vp_me412_04
vp_cl55_amg_04,vp_cl55_amg_04,vehicle,141000,vp_cl55_amg_04
vp_corvette_68,vp_corvette_68,vehicle,56000,vp_corvette_68
vp_Skully_01,vp_Skully_01,vehicle,65000,vp_Skully_01
vp_ninja_03,vp_ninja_03,vehicle,10999,vp_ninja_03
vp_cad16_04,vp_cad16_04,vehicle,250000,vp_cad16_04
vp_d_zonda_04,vp_d_zonda_04,vehicle,325000,vp_d_zonda_04
vp_d_f355_98,vp_d_f355_98,vehicle,200000,vp_d_f355_98
vp_d_g35_05,vp_d_g35_05,vehicle,33150,vp_d_g35_05
vp_d_deville_66,vp_d_deville_66,vehicle,37165,vp_d_deville_66
vp_d_duc_smart_05,vp_d_duc_smart_05,vehicle,13995,vp_d_duc_smart_05
vp_d_h3t_05,vp_d_h3t_05,vehicle,52000,vp_d_h3t_05
vp_d_cobalt_05,vp_d_cobalt_05,vehicle,21995,vp_d_cobalt_05
vp_d_magnum_05,vp_d_magnum_05,vehicle,52000,vp_d_magnum_05_dub
vp_d_sportconcept_05,vp_d_sportconcept_05,vehicle,28000,vp_d_sportconcept_05
vp_d_charger_06,vp_d_charger_06,vehicle,55995,vp_d_charger_06_dub
vp_d_chingon_04,vp_d_chingon_04,vehicle,113000,vp_d_chingon_04
,Cop_SD_reward,,,
,Cop_ATL_reward,,,
,Cop_DT_reward,,,
,Cop_Bike_reward,,,
,Cop_Tokyo_reward,,,
,SQ_culture,,,
,SQ_suv,,,
,SQ_performance,,,
,SQ_luxury,,,
,SQ_muscle,,,
,SQ_chopper,,,
,SQ_sportbike,,,
,Vehicle_Group_B,,,
,Vehicle_Group_C,,,
,Vehicle_Group_D,,,
,Performance_A_2,,,
,Performance_A_3,,,
,Performance_B_1,,,
,Performance_B_2,,,
,Performance_B_3,,,
,Performance_C_1,,,
,Performance_C_2,,,
,Performance_C_3,,,
,Performance_D_1,,,
,Performance_D_2,,,
,Performance_D_3,,,
,Performance_E_2,,,
,Performance_E_3,,,
,Visual_A_2,,,
,Visual_B_2,,,
,Visual_C_2,,,
,Visual_D_2,,,
,Visual_E_2,,,
,Pearlescent_reward,vehiclepaint,,
,ColorShift_reward,vehiclepaint,,
,Rips_Vinyls,,,
,Stripes_Vinyls,,,
,Modern_Vinyls,,,
,Wild_Vinyls,,,
,Flames_Vinyls,,,
,Tribal_Vinyls,,,
,Graphixs_Vinyls,,,
,Splash_Vinyls,,,
,Flags_Vinyls,,,
,VinylManufacturer_Vinyls,,,
,Chopper_Vinyls0,,,
,Sportbike_Vinyls0,,,
,Rims0,vehicleparts,,
,Rims1,vehicleparts,,
,Rims2,vehicleparts,,
,Rims3,vehicleparts,,
,Rims4,vehicleparts,,
,Rims5,vehicleparts,,
,Rims6,vehicleparts,,
,Rims7,vehicleparts,,
,Rims8,vehicleparts,,
,ChopperRims0,vehicleparts,,
,ChopperRims1,vehicleparts,,
,ChopperRims2,vehicleparts,,
,SportBikeRims0,vehicleparts,,
,SportBikeRims1,vehicleparts,,
,Rider_CJ,,,
,Rider_Gomez,,,
,Rider_Enzo,,,
,Rider_Kioshi,,,
,Rider_Lil,,,
,Rider_Malik,,,
,Rider_Ron,,,
,Rider_Vito,,,
,Rider_Mike,,,
,Rider_Mary,,,
,Rider_Cop,,,
,Rider_Skins1,,,
,Rider_Skins2,,,
,Rider_Starter,,,
,RockstarPlates,,,
,Luxury_Sedanfrontbumper,,,
,Luxury_Sedanrearbumper,,,
,Luxury_Sedanskirt,,,
,Luxury_Sedanspoiler,,,
,Luxury_Sedanexhaust,vehicleperformance,,
,SUV_Truckfrontbumper,,,
,SUV_Truckrearbumper,,,
,SUV_Truckspoiler,,,
,SUV_Truckskirt,,,
,SUV_Trucktaillight,,,
,SUV_Truckfrontgrill,,,
,SUV_Truckexhaust,vehicleperformance,,
,SUV_Truckhood,,,
,Culturefrontbumper,,,
,Culturerearbumper,,,
,Cultureskirt,,,
,Culturetaillight,,,
,Culturespoiler,,,
,Cultureexhaust,vehicleperformance,,
,Culturehood,,,
,Classic_Musclerearbumper,,,
,Classic_Muscleskirt,,,
,Classic_Musclefrontbumper,,,
,Classic_Musclespoiler,,,
,Classic_Muscleexhaust,vehicleperformance,,
,Classic_Musclehood,,,
,CultureAbilityMsg,,,
,PerformanceAbilityMsg,,,
,SportbikeAbilityMsg,,,
,SUVAbilityMsg,,,
,LuxuryAbilityMsg,,,
,MuscleAbilityMsg,,,
,ChopperAbilityMsg,,,
