File,Block,Key,Value
tune.knowledgebase,knowledgebase,MoneyAtCareerStart,22000
tune.knowledgebase,knowledgebase,NumTokyoRaces,34
tune.rewards,rewards,DefaultRangeModifier,0.000000 0.000000
tune.rewards,rewards,OneShotRangeModifier,0.500973 0.000000
tune.rewards,rewards,ReductionPer100COLower,0.40
tune.rewards,rewards,ReductionForHalvedDifficulty,0.75
tune.rewards,rewards,ReductionCapForLowerDifficulty,0.400778
tune.rewards,rewards,MoneyMultiplierForRank_2,0.299996
tune.rewards,rewards,MoneyMultiplierForRank_3,0.125000
tune.rewards,rewards,MoneyMultiplierForRank_4,0.000000
tune.rewards,rewards,MoneyMultiplierForRank_5,0.000000
tune.rewards,rewards,MoneyMultiplierForRank_6,0.000000
tune.rewards,rewards,MoneyMultiplierForRank_7,0.000000
tune.rewards,rewards,MoneyMultiplierForRank_8,0.000000
flow.progress,progress,MinRatioToBestEval,0.750000
flow.progress,progress,HookmanThreshold,0.800000
flow.progress,progress,MaxNumberOfDelayedRaces,10
flow.progress,progress,RaceDelayedProbability,1.000000
flow.progress,progress,DelayPriorityBoostForCurrentCity,10
flow.progress,progress,CruiseAndFollowProbability,0.299595
flow.progress,progress,CruiseAndRaceToStartProbability,1.000000
flow.progress,progress,CareerOrderStopperWindowFactor,6.000000
flow.progress,progress,TargetNumberForRacesInCOWindow,12
flow.progress,progress,HookmenDoneTarget_sd,0.850334
flow.progress,progress,HookmenDoneTarget_atlanta,0.850334
flow.progress,progress,HookmenDoneTarget_detroit,1.000000
dynamicdifficulty.progress,progress,LowestCareerDifficulty,10.000000
dynamicdifficulty.progress,progress,HighestCareerDifficulty,20.000000
dynamicdifficulty.progress,progress,SkillFadeInStart,0
dynamicdifficulty.progress,progress,SkillFadeInEnd,7
dynamicdifficulty.progress,progress,SkillMultiplierAtCareerStart,0.880000
dynamicdifficulty.progress,progress,TargetRetriesAtCareerStart,1.000000
dynamicdifficulty.progress,progress,TargetRetriesAtCareerEnd,2.500000
dynamicdifficulty.progress,progress,SkillMultiplierAtZeroRetries,1.350000
dynamicdifficulty.progress,progress,SkillMultiplierAtTwiceTheRetries,0.850000
dynamicdifficulty.progress,progress,SkillMultiplierRetryCap,3.000000
dynamicdifficulty.progress,progress,CareerMaxSkillApplicabilityAtStart,0.312500
dynamicdifficulty.progress,progress,CareerSkillFadeInStart,0
dynamicdifficulty.progress,progress,CareerSkillFadeInEnd,6
dynamicdifficulty.progress,progress,TokyoMaxSkillApplicabilityAtStart,0.500000
dynamicdifficulty.progress,progress,TokyoSkillFadeInStart,0
dynamicdifficulty.progress,progress,TokyoSkillFadeInEnd,5
tune.sidequests,SideQuests,RacesTotal_sd_culture,5
tune.sidequests,SideQuests,RacesAtATime_sd_culture,3
tune.sidequests,SideQuests,RacesTotal_sd_suv,5
tune.sidequests,SideQuests,RacesAtATime_sd_suv,3
tune.sidequests,SideQuests,RacesTotal_sd_performance,7
tune.sidequests,SideQuests,RacesAtATime_sd_performance,4
tune.sidequests,SideQuests,RacesTotal_sd_luxury,5
tune.sidequests,SideQuests,RacesAtATime_sd_luxury,3
tune.sidequests,SideQuests,RacesTotal_sd_muscle,5
tune.sidequests,SideQuests,RacesAtATime_sd_muscle,3
tune.sidequests,SideQuests,RacesTotal_sd_chopper,7
tune.sidequests,SideQuests,RacesAtATime_sd_chopper,3
tune.sidequests,SideQuests,RacesTotal_sd_sportbike,5
tune.sidequests,SideQuests,RacesAtATime_sd_sportbike,3
tune.sidequests,SideQuests,RacesTotal_atlanta_culture,5
tune.sidequests,SideQuests,RacesAtATime_atlanta_culture,3
tune.sidequests,SideQuests,RacesTotal_atlanta_suv,5
tune.sidequests,SideQuests,RacesAtATime_atlanta_suv,3
tune.sidequests,SideQuests,RacesTotal_atlanta_performance,5
tune.sidequests,SideQuests,RacesAtATime_atlanta_performance,3
tune.sidequests,SideQuests,RacesTotal_atlanta_luxury,5
tune.sidequests,SideQuests,RacesAtATime_atlanta_luxury,3
tune.sidequests,SideQuests,RacesTotal_atlanta_muscle,4
tune.sidequests,SideQuests,RacesAtATime_atlanta_muscle,2
tune.sidequests,SideQuests,RacesTotal_atlanta_chopper,5
tune.sidequests,SideQuests,RacesAtATime_atlanta_chopper,3
tune.sidequests,SideQuests,RacesTotal_atlanta_sportbike,5
tune.sidequests,SideQuests,RacesAtATime_atlanta_sportbike,3
tune.sidequests,SideQuests,RacesTotal_detroit_culture,3
tune.sidequests,SideQuests,RacesAtATime_detroit_culture,2
tune.sidequests,SideQuests,RacesTotal_detroit_suv,5
tune.sidequests,SideQuests,RacesAtATime_detroit_suv,2
tune.sidequests,SideQuests,RacesTotal_detroit_performance,4
tune.sidequests,SideQuests,RacesAtATime_detroit_performance,2
tune.sidequests,SideQuests,RacesTotal_detroit_luxury,4
tune.sidequests,SideQuests,RacesAtATime_detroit_luxury,2
tune.sidequests,SideQuests,RacesTotal_detroit_muscle,6
tune.sidequests,SideQuests,RacesAtATime_detroit_muscle,2
tune.sidequests,SideQuests,RacesTotal_detroit_chopper,3
tune.sidequests,SideQuests,RacesAtATime_detroit_chopper,2
tune.sidequests,SideQuests,RacesTotal_detroit_sportbike,4
tune.sidequests,SideQuests,RacesAtATime_detroit_sportbike,2
tune.sidequests,SideQuests,COAtBegin_culture,0
tune.sidequests,SideQuests,COAtEnd_culture,170
tune.sidequests,SideQuests,COAtBegin_suv,0
tune.sidequests,SideQuests,COAtEnd_suv,130
tune.sidequests,SideQuests,COAtBegin_performance,135
tune.sidequests,SideQuests,COAtEnd_performance,200
tune.sidequests,SideQuests,COAtBegin_luxury,10
tune.sidequests,SideQuests,COAtEnd_luxury,160
tune.sidequests,SideQuests,COAtBegin_muscle,0
tune.sidequests,SideQuests,COAtEnd_muscle,140
tune.sidequests,SideQuests,COAtBegin_chopper,90
tune.sidequests,SideQuests,COAtEnd_chopper,195
tune.sidequests,SideQuests,COAtBegin_sportbike,120
tune.sidequests,SideQuests,COAtEnd_sportbike,200
tune.fillerraces,FillerRaces,OneShotProbability,0.200000
tune.fillerraces,FillerRaces,Easy_MinRaces,2
tune.fillerraces,FillerRaces,Easy_MinPercentage,0.300299
tune.fillerraces,FillerRaces,Easy_RelativeDifficulty,0.901466
tune.fillerraces,FillerRaces,RatherEasy_MinRaces,1
tune.fillerraces,FillerRaces,RatherEasy_MinPercentage,0.201954
tune.fillerraces,FillerRaces,RatherEasy_RelativeDifficulty,0.960778
tune.fillerraces,FillerRaces,Normal_MinRaces,1
tune.fillerraces,FillerRaces,Normal_MinPercentage,0.298036
tune.fillerraces,FillerRaces,Normal_RelativeDifficulty,1.000000
tune.fillerraces,FillerRaces,Hard_MinRaces,0
tune.fillerraces,FillerRaces,Hard_MinPercentage,0.198039
tune.fillerraces,FillerRaces,Hard_RelativeDifficulty,1.113727
tune.fillerraces,FillerRaces,Tokyo_Easy_MinRaces,0
tune.fillerraces,FillerRaces,Tokyo_Easy_MinPercentage,0.170000
tune.fillerraces,FillerRaces,Tokyo_Easy_RelativeDifficulty,0.920000
tune.fillerraces,FillerRaces,Tokyo_RatherEasy_MinRaces,1
tune.fillerraces,FillerRaces,Tokyo_RatherEasy_MinPercentage,0.100000
tune.fillerraces,FillerRaces,Tokyo_RatherEasy_RelativeDifficulty,0.960000
tune.fillerraces,FillerRaces,Tokyo_Normal_MinRaces,2
tune.fillerraces,FillerRaces,Tokyo_Normal_MinPercentage,0.400000
tune.fillerraces,FillerRaces,Tokyo_Normal_RelativeDifficulty,1.000000
tune.fillerraces,FillerRaces,Tokyo_Hard_MinRaces,1
tune.fillerraces,FillerRaces,Tokyo_Hard_MinPercentage,0.200000
tune.fillerraces,FillerRaces,Tokyo_Hard_RelativeDifficulty,1.1200000
tune.racesetup,racesetup,MainFlow_CopsAndRaceStarter,1
tune.racesetup,racesetup,MainFlow_Start_ProbabilityOfCops,0.250000
tune.racesetup,racesetup,MainFlow_Start_ProbabilityOfRaceStarter,1.000000
tune.racesetup,racesetup,MainFlow_Start_EmphasizeVehicleTypeVariety,0.450000
tune.racesetup,racesetup,MainFlow_Start_MinVehicleTypes,2
tune.racesetup,racesetup,MainFlow_Start_MaxVehicleTypes,4
tune.racesetup,racesetup,MainFlow_Start_EmphasizeHighOpponentNumber,0.650000
tune.racesetup,racesetup,MainFlow_Start_MinOpponentNumber,3
tune.racesetup,racesetup,MainFlow_Start_MaxOpponentNumber,6
tune.racesetup,racesetup,MainFlow_End_ProbabilityOfCops,0.307100
tune.racesetup,racesetup,MainFlow_End_ProbabilityOfRaceStarter,0.700000
tune.racesetup,racesetup,MainFlow_End_EmphasizeVehicleTypeVariety,0.404695
tune.racesetup,racesetup,MainFlow_End_MinVehicleTypes,1
tune.racesetup,racesetup,MainFlow_End_MaxVehicleTypes,4
tune.racesetup,racesetup,MainFlow_End_EmphasizeHighOpponentNumber,0.804240
tune.racesetup,racesetup,MainFlow_End_MinOpponentNumber,3
tune.racesetup,racesetup,MainFlow_End_MaxOpponentNumber,6
tune.racesetup,racesetup,SideQuests_CopsAndRaceStarter,1
tune.racesetup,racesetup,SideQuests_Start_ProbabilityOfCops,0.250000
tune.racesetup,racesetup,SideQuests_Start_ProbabilityOfRaceStarter,0.500000
tune.racesetup,racesetup,SideQuests_Start_EmphasizeVehicleTypeVariety,0.604981
tune.racesetup,racesetup,SideQuests_Start_MinVehicleTypes,1
tune.racesetup,racesetup,SideQuests_Start_MaxVehicleTypes,3
tune.racesetup,racesetup,SideQuests_Start_EmphasizeHighOpponentNumber,0.856625
tune.racesetup,racesetup,SideQuests_Start_MinOpponentNumber,3
tune.racesetup,racesetup,SideQuests_Start_MaxOpponentNumber,6
tune.racesetup,racesetup,SideQuests_End_ProbabilityOfCops,0.301769
tune.racesetup,racesetup,SideQuests_End_ProbabilityOfRaceStarter,0.400000
tune.racesetup,racesetup,SideQuests_End_EmphasizeVehicleTypeVariety,0.295698
tune.racesetup,racesetup,SideQuests_End_MinVehicleTypes,1
tune.racesetup,racesetup,SideQuests_End_MaxVehicleTypes,3
tune.racesetup,racesetup,SideQuests_End_EmphasizeHighOpponentNumber,0.901840
tune.racesetup,racesetup,SideQuests_End_MinOpponentNumber,4
tune.racesetup,racesetup,SideQuests_End_MaxOpponentNumber,6
tune.racesetup,racesetup,FillerRaces_CopsAndRaceStarter,0
tune.racesetup,racesetup,FillerRaces_Start_ProbabilityOfCops,0.305026
tune.racesetup,racesetup,FillerRaces_Start_ProbabilityOfRaceStarter,0.000000
tune.racesetup,racesetup,FillerRaces_Start_EmphasizeVehicleTypeVariety,0.610674
tune.racesetup,racesetup,FillerRaces_Start_MinVehicleTypes,1
tune.racesetup,racesetup,FillerRaces_Start_MaxVehicleTypes,4
tune.racesetup,racesetup,FillerRaces_Start_EmphasizeHighOpponentNumber,0.757554
tune.racesetup,racesetup,FillerRaces_Start_MinOpponentNumber,2
tune.racesetup,racesetup,FillerRaces_Start_MaxOpponentNumber,6
tune.racesetup,racesetup,FillerRaces_End_ProbabilityOfCops,0.315730
tune.racesetup,racesetup,FillerRaces_End_ProbabilityOfRaceStarter,0.000000
tune.racesetup,racesetup,FillerRaces_End_EmphasizeVehicleTypeVariety,0.608836
tune.racesetup,racesetup,FillerRaces_End_MinVehicleTypes,1
tune.racesetup,racesetup,FillerRaces_End_MaxVehicleTypes,4
tune.racesetup,racesetup,FillerRaces_End_EmphasizeHighOpponentNumber,0.751938
tune.racesetup,racesetup,FillerRaces_End_MinOpponentNumber,2
tune.racesetup,racesetup,FillerRaces_End_MaxOpponentNumber,6
tune.racesetup,racesetup,TokyoRaces_CopsAndRaceStarter,1
tune.racesetup,racesetup,TokyoRaces_Start_ProbabilityOfCops,0.200000
tune.racesetup,racesetup,TokyoRaces_Start_ProbabilityOfRaceStarter,1.000000
tune.racesetup,racesetup,TokyoRaces_Start_EmphasizeVehicleTypeVariety,0.400000
tune.racesetup,racesetup,TokyoRaces_Start_MinVehicleTypes,2
tune.racesetup,racesetup,TokyoRaces_Start_MaxVehicleTypes,4
tune.racesetup,racesetup,TokyoRaces_Start_EmphasizeHighOpponentNumber,0.600000
tune.racesetup,racesetup,TokyoRaces_Start_MinOpponentNumber,2
tune.racesetup,racesetup,TokyoRaces_Start_MaxOpponentNumber,5
tune.racesetup,racesetup,TokyoRaces_End_ProbabilityOfCops,0.300000
tune.racesetup,racesetup,TokyoRaces_End_ProbabilityOfRaceStarter,1.000000
tune.racesetup,racesetup,TokyoRaces_End_EmphasizeVehicleTypeVariety,0.600000
tune.racesetup,racesetup,TokyoRaces_End_MinVehicleTypes,1
tune.racesetup,racesetup,TokyoRaces_End_MaxVehicleTypes,4
tune.racesetup,racesetup,TokyoRaces_End_EmphasizeHighOpponentNumber,0.757554
tune.racesetup,racesetup,TokyoRaces_End_MinOpponentNumber,2
tune.racesetup,racesetup,TokyoRaces_End_MaxOpponentNumber,5
tune.racesetup,racesetup,COLimitFor_1_AINitros,0
tune.racesetup,racesetup,COLimitFor_2_AINitros,65
tune.racesetup,racesetup,COLimitFor_3_AINitros,100
tune.racesetup,racesetup,COLimitFor_4_AINitros,140
tune.conditions,conditions,TODDef_MinDuration_dawn,1.000000
tune.conditions,conditions,TODDef_MaxDuration_dawn,2.100000
tune.conditions,conditions,TODDef_NextTOD_dawn,2
tune.conditions,conditions,TODDef_dawn_clear_Probability,0.100000
tune.conditions,conditions,TODDef_dawn_cloudy_Probability,0.111718
tune.conditions,conditions,TODDef_dawn_rainy_Probability,0.111718
tune.conditions,conditions,TODDef_MinDuration_midnight,4.750000
tune.conditions,conditions,TODDef_MaxDuration_midnight,7.375000
tune.conditions,conditions,TODDef_NextTOD_midnight,0
tune.conditions,conditions,TODDef_midnight_clear_Probability,0.100000
tune.conditions,conditions,TODDef_midnight_cloudy_Probability,0.111718
tune.conditions,conditions,TODDef_midnight_rainy_Probability,0.100000
tune.conditions,conditions,TODDef_MinDuration_dusk,1.000000
tune.conditions,conditions,TODDef_MaxDuration_dusk,2.1
tune.conditions,conditions,TODDef_NextTOD_dusk,1
tune.conditions,conditions,TODDef_dusk_clear_Probability,0.100000
tune.conditions,conditions,TODDef_dusk_cloudy_Probability,0.103905
tune.conditions,conditions,TODDef_dusk_rainy_Probability,0.100000
vehilcesetup.progress,progress,MinRatioToBestEval,0.85
raceselect.progress,progress,MinimalDistanceBetweenRaceStartPositions,80.000000
hookmen.mediator,mediator,SpeedToDifficultyFudgeFactor,1.799998
hookmen.mediator,mediator,RubberBandingDifficultyIncreaseMapping,1.601560
hookmen.mediator,mediator,RubberBandingDifficultyDecreaseMapping,1.000000
hookmen.mediator,mediator,LowestAllowedRubberBanding,0.331249
hookmen.mediator,mediator,HighestAllowedRubberBanding,0.671093
checkpoint.mediator,mediator,SpeedToDifficultyFudgeFactor,1.799998
checkpoint.mediator,mediator,RubberBandingDifficultyIncreaseMapping,1.601562
checkpoint.mediator,mediator,RubberBandingDifficultyDecreaseMapping,1.000000
checkpoint.mediator,mediator,LowestAllowedRubberBanding,0.331249
checkpoint.mediator,mediator,HighestAllowedRubberBanding,0.671093
checkpoint.mediator,mediator,LowestAheadMultiplier,0.81
checkpoint.mediator,mediator,LowestBehindMultiplier,0.75
checkpoint.mediator,mediator,LowestMaxThrottleMultiplier,0.87
checkpoint.mediator,mediator,FailSafeFadeInStart,2.000000
checkpoint.mediator,mediator,FailSafeFadeInDuration,4.000000
checkpoint.mediator,mediator,FailSafeFadeInStartLowerCap,2.500000
checkpoint.mediator,mediator,MinDistanceAheadForNoPenalty,250.000000
autocross.mediator,mediator,SpeedToDifficultyFudgeFactor,1.799998
autocross.mediator,mediator,RubberBandingDifficultyIncreaseMapping,1.601562
autocross.mediator,mediator,RubberBandingDifficultyDecreaseMapping,1.000000
