Career,Event,Difficulty,Reward type,Reward
base,hw_local_hangout1_series,Easy,DynamicMoney,
base,hw_local_hangout1_series,Medium,DynamicMoney,
base,hw_local_hangout1_series,Hard,DynamicMoney,
base,hw_local_hangout1_series,Impossible,DynamicMoney,
base,hw_local_hangout2_series,Easy,DynamicMoney,
base,hw_local_hangout2_series,Medium,DynamicMoney,
base,hw_local_hangout2_series,Hard,DynamicMoney,
base,hw_local_hangout2_series,Impossible,DynamicMoney,
base,hw_local_hangout3_series,Easy,DynamicMoney,
base,hw_local_hangout3_series,Medium,DynamicMoney,
base,hw_local_hangout3_series,Hard,DynamicMoney,
base,hw_local_hangout3_series,Impossible,DynamicMoney,
base,be_local_hangout1_series,Easy,DynamicMoney,
base,be_local_hangout1_series,Medium,DynamicMoney,
base,be_local_hangout1_series,Hard,DynamicMoney,
base,be_local_hangout1_series,Impossible,DynamicMoney,
base,hl_local_hangout1_series,Easy,DynamicMoney,
base,hl_local_hangout1_series,Medium,DynamicMoney,
base,hl_local_hangout1_series,Hard,DynamicMoney,
base,hl_local_hangout1_series,Impossible,DynamicMoney,
base,dt_local_hangout1_series,Easy,DynamicMoney,
base,dt_local_hangout1_series,Medium,DynamicMoney,
base,dt_local_hangout1_series,Hard,DynamicMoney,
base,dt_local_hangout1_series,Impossible,DynamicMoney,
base,hw_tournament1,Easy,DynamicMoney,
base,hw_tournament1,Medium,DynamicMoney,
base,hw_tournament1,Hard,Car,Name vp_chv_camaro_06_DUB
base,hw_tournament1,Hard,DynamicMoney,
base,hw_tournament1,Impossible,DynamicMoney,
base,be_tournament1,Easy,DynamicMoney,
base,be_tournament1,Medium,DynamicMoney,
base,be_tournament1,Hard,Car,Name vp_mbz_s600_07_DUB
base,be_tournament1,Hard,DynamicMoney,
base,be_tournament1,Impossible,DynamicMoney,
base,hl_tournament1,Easy,DynamicMoney,
base,hl_tournament1,Medium,DynamicMoney,
base,hl_tournament1,Hard,Car,Name vp_dge_challenger_06_DUB
base,hl_tournament1,Hard,DynamicMoney,
base,hl_tournament1,Impossible,DynamicMoney,
base,dt_tournament1,Easy,DynamicMoney,
base,dt_tournament1,Medium,DynamicMoney,
base,dt_tournament1,Hard,Car,Name vp_lam_murcielago_06_DUB
base,dt_tournament1,Hard,DynamicMoney,
base,dt_tournament1,Impossible,DynamicMoney,
base,hw_delivery,Easy,DynamicMoney,
base,hw_delivery,Medium,DynamicMoney,
base,hw_delivery,Hard,DynamicMoney,
base,hw_delivery,Impossible,DynamicMoney,
base,be_payback,Easy,DynamicExperience,SystemName Unlocking
base,be_payback,Medium,DynamicExperience,SystemName Unlocking
base,be_payback,Hard,DynamicExperience,SystemName Unlocking
base,be_payback,Impossible,DynamicExperience,SystemName Unlocking
south central,sc_local_hangout1_series,Easy,DynamicMoney,
south central,sc_local_hangout1_series,Medium,DynamicMoney,
south central,sc_local_hangout1_series,Hard,DynamicMoney,
south central,sc_local_hangout1_series,Impossible,DynamicMoney,
south central,sc_tournament1,Easy,DynamicMoney,
south central,sc_tournament1,Medium,DynamicMoney,
south central,sc_tournament1,Hard,Car,Name SC_tournament_vpd_lr_sport_08
south central,sc_tournament1,Hard,DynamicMoney,
south central,sc_tournament1,Impossible,DynamicMoney,
south central,sc_delivery,Easy,DynamicMoney,
south central,sc_delivery,Medium,DynamicMoney,
south central,sc_delivery,Hard,DynamicMoney,
south central,sc_delivery,Impossible,DynamicMoney,
